contactId,contactName,sourceType,xeroId,docNumber,date,status,description,accountCode,taxTypeUsed,expectedTaxType,lineAmount,taxAmount,netValue,lineAmountTypes,subTotal,total,currencyCode,currencyRate,currentContribution
510df433-7e5f-401b-9ea4-0f969074b0cb,Amazon,bill,077bbd63-0c1b-4790-af19-aaf8d09bbd71,GB613V12PAEUD,2026-01-31,PAID,.,325,INPUT2,ZERORATEDINPUT,10.6,2.12,8.48,Exclusive,10.61,12.73,GBP,1,10.60
9115cc70-ed25-4f3c-ac42-d444a565f590,More Than Accountants,bill,09668f25-356e-4fd7-a300-8c68a895faca,INV-73322,2026-04-01,PAID,.,401,INPUT2,ZERORATEDINPUT,149,29.8,119.20,Exclusive,149,178.8,GBP,1,149.00
9115cc70-ed25-4f3c-ac42-d444a565f590,More Than Accountants,bill,10f77c10-364d-4dc9-9c59-edca43ea6673,INV-68632,2026-01-01,PAID,.,401,INPUT2,ZERORATEDINPUT,149,29.8,119.20,Exclusive,149,178.8,GBP,1,149.00
510df433-7e5f-401b-9ea4-0f969074b0cb,Amazon,bill,17abfbe4-4f49-4b5c-b14e-47a160ae3762,GB60005X4LKONI,2026-04-23,PAID,.,430,INPUT2,ZERORATEDINPUT,10.45,1.74,8.71,Inclusive,8.71,10.45,GBP,1,10.45
510df433-7e5f-401b-9ea4-0f969074b0cb,Amazon,bill,1b158f06-4fa4-4463-bae9-1f91dea5e50a,GB63CFD90AEUI,2026-04-21,PAID,.,325,INPUT2,ZERORATEDINPUT,5.95,0.99,4.96,Inclusive,4.96,5.95,GBP,1,5.95
510df433-7e5f-401b-9ea4-0f969074b0cb,Amazon,bill,1f2c2c1d-1888-4d74-ab51-4af6406117ce,GBSTG8XNAEUI,2026-01-29,PAID,.,325,INPUT2,ZERORATEDINPUT,15.48,2.58,12.90,Inclusive,12.9,15.48,GBP,1,15.48
510df433-7e5f-401b-9ea4-0f969074b0cb,Amazon,bill,2223c190-7472-4453-a645-d9bae5759e82,GB62PHUCUAEUR,2026-03-31,PAID,.,325,INPUT2,ZERORATEDINPUT,10.4,2.08,8.32,Exclusive,10.42,12.5,GBP,1,10.40
9115cc70-ed25-4f3c-ac42-d444a565f590,More Than Accountants,bill,25db43bc-cf54-4af8-b98f-0aff3b55ec22,INV-71728,2026-03-01,PAID,.,401,INPUT2,ZERORATEDINPUT,149,29.8,119.20,Exclusive,149,178.8,GBP,1,149.00
9115cc70-ed25-4f3c-ac42-d444a565f590,More Than Accountants,bill,2e251241-9db5-422d-86e2-b316e7e99da7,INV-67078,2025-12-01,PAID,.,401,INPUT2,ZERORATEDINPUT,149,29.8,119.20,Exclusive,149,178.8,GBP,1,149.00
87132a61-0be1-4473-9af4-f796e132f55b,Edf Energy,bill,3cb8eaf3-6326-4e96-8f68-622c62b9fc62,101613090,2026-06-17,AUTHORISED,.,445,INPUT2,RRINPUT,17.7,3.54,14.16,Exclusive,23.31,27.13,GBP,1,17.70
510df433-7e5f-401b-9ea4-0f969074b0cb,Amazon,bill,43309137-6ee5-467a-9915-bfb2b2f06c1c,026-9482392-8461948,2025-12-12,PAID,.,430,INPUT2,ZERORATEDINPUT,8.54,1.42,7.12,Inclusive,7.12,8.54,GBP,1,8.54
792e862c-9628-4f96-b1db-7ef7410c2122,Plumbfix,bill,56fa7c97-362b-4588-a722-1e870ca40ebf,AR271757186,2026-02-05,PAID,.,325,INPUT2,ZERORATEDINPUT,9.57,1.92,7.65,Exclusive,9.57,11.49,GBP,1,9.57
510df433-7e5f-401b-9ea4-0f969074b0cb,Amazon,bill,5d8fe568-305a-474a-ac76-cf980f96c139,GB600AT23XXXXZI,2026-03-14,PAID,.,325,INPUT2,ZERORATEDINPUT,15.95,2.66,13.29,Inclusive,13.29,15.95,GBP,1,15.95
c850fb1f-0193-4e6c-ae76-5c9d2154bf13,Wickes,bill,7c05a015-3f59-4c2f-b49d-b68d4c7f620d,02-4235,2026-02-28,PAID,.,325,INPUT2,ZERORATEDINPUT,5.25,1.05,4.20,Exclusive,5.25,6.3,GBP,1,5.25
510df433-7e5f-401b-9ea4-0f969074b0cb,Amazon,bill,7c1d788c-914c-41e1-9a98-64e6dddb7d4f,GB63ZMJBWAEUD,2026-04-20,PAID,.,325,INPUT2,ZERORATEDINPUT,16.99,2.83,14.16,Inclusive,14.16,16.99,GBP,1,16.99
45923f2b-5545-4b21-b2ae-1794316305ee,Screwfix,bill,8bb01af7-d392-4d8f-8ba4-857431765ba4,A21633163884,2026-01-29,PAID,.,325,INPUT2,NONE,25.39,5.09,20.30,Exclusive,25.39,30.48,GBP,1,25.39
9115cc70-ed25-4f3c-ac42-d444a565f590,More Than Accountants,bill,92108a8b-a3d5-4707-985a-03f982137077,INV-70172,2026-02-01,PAID,.,401,INPUT2,ZERORATEDINPUT,149,29.8,119.20,Exclusive,149,178.8,GBP,1,149.00
510df433-7e5f-401b-9ea4-0f969074b0cb,Amazon,bill,a2e2b994-8666-4ba2-82f2-143b424545b6,GB665FEPAEUD,2026-01-07,PAID,.,325,INPUT2,ZERORATEDINPUT,8.32,1.67,6.65,Exclusive,8.32,9.99,GBP,1,8.32
510df433-7e5f-401b-9ea4-0f969074b0cb,Amazon,bill,a576ebaa-9f95-4b25-a66c-2f223463b563,026-8823740-1357137,2025-12-04,PAID,.,430,INPUT2,ZERORATEDINPUT,10.82,2.17,8.65,Exclusive,10.82,12.99,GBP,1,10.82
510df433-7e5f-401b-9ea4-0f969074b0cb,Amazon,bill,b57cffc9-12cf-4216-a47a-7686a0924b8e,GB600CW4HAPP71,2026-03-31,PAID,.,325,INPUT2,ZERORATEDINPUT,6.65,1.33,5.32,Exclusive,6.66,7.99,GBP,1,6.65
9115cc70-ed25-4f3c-ac42-d444a565f590,More Than Accountants,bill,cf476e37-a955-4132-bd45-03809b17ce9c,INV-74894,2026-05-01,PAID,.,401,INPUT2,ZERORATEDINPUT,149,29.8,119.20,Exclusive,149,178.8,GBP,1,149.00
510df433-7e5f-401b-9ea4-0f969074b0cb,Amazon,bill,d2fa8953-5896-46cf-8599-bafdc15bf6ab,GB6233BOIAEUD,2026-02-27,PAID,.,325,INPUT2,ZERORATEDINPUT,6.65,1.33,5.32,Exclusive,6.66,7.99,GBP,1,6.65
87132a61-0be1-4473-9af4-f796e132f55b,Edf Energy,bill,deb8cd5a-f6ca-4a2f-a70e-d2dbce0d6190,98335709,2026-06-17,AUTHORISED,.,445,INPUT2,RRINPUT,13.15,2.63,10.52,Exclusive,17.29,20.13,GBP,1,13.15
510df433-7e5f-401b-9ea4-0f969074b0cb,Amazon,bill,e32c7ed3-8acf-42c9-b681-8fec4bc1ad85,DS-AEU-INV-G8-2025-700259086,2025-12-03,PAID,.,430,INPUT2,ZERORATEDINPUT,7.99,1.33,6.66,Inclusive,6.66,7.99,GBP,1,7.99
c850fb1f-0193-4e6c-ae76-5c9d2154bf13,Wickes,bill,e9078202-da1d-450f-8a33-27440642232d,03-3908,2026-01-19,PAID,.,325,INPUT2,ZERORATEDINPUT,7.12,1.43,5.69,Exclusive,7.12,8.55,GBP,1,7.12
510df433-7e5f-401b-9ea4-0f969074b0cb,Amazon,bill,eb2f9883-c7b2-4b48-9c1e-68d925e66c42,GB63U4WJQAEUD,2026-04-15,PAID,,325,INPUT2,ZERORATEDINPUT,10.99,1.83,9.16,Inclusive,9.16,10.99,GBP,1,10.99
510df433-7e5f-401b-9ea4-0f969074b0cb,Amazon,bill,f96da87f-0a1e-4211-b9f4-1a6902c8322a,GB6VN2H1AEUI,2026-01-11,PAID,.,325,INPUT2,ZERORATEDINPUT,29.99,5,24.99,Inclusive,24.99,29.99,GBP,1,29.99
510df433-7e5f-401b-9ea4-0f969074b0cb,Amazon,bill,fa8b973f-1429-41ab-8c8c-8b1fd689e189,GB6011HNE34SPI,2026-02-27,PAID,.,325,INPUT2,ZERORATEDINPUT,6.65,1.33,5.32,Exclusive,6.66,7.99,GBP,1,6.65
510df433-7e5f-401b-9ea4-0f969074b0cb,Amazon,bank_spend,59e298af-32f8-43a5-ad3d-5a1ab9f9cfee,,2026-01-31,AUTHORISED,AMZNMktplace - amazon.co.uk - Card Ending: 3321,325,INPUT2,ZERORATEDINPUT,29.99,5,24.99,Inclusive,24.99,29.99,GBP,1,29.99
9115cc70-ed25-4f3c-ac42-d444a565f590,More Than Accountants,bank_spend,fa611acf-f0cc-4426-94d2-48a480d23d00,,2026-06-01,AUTHORISED,,401,INPUT2,ZERORATEDINPUT,178.8,29.8,149.00,Inclusive,149,178.8,GBP,1,178.80