contactId,contactName,sourceType,xeroId,date,status,accountCode,dominantAccountForContact,lineAmount,taxType,insidePeriod,isDominantAccount,contributesToPotentialError
f8d6eaa1-d9d7-4b17-8704-0c12929552fe,Amazon,SPEND bank txn,7bba6a7d-1c4c-45b4-8843-1705a8a8a967,2025-08-13,AUTHORISED,310,310,25.99,INPUT2,lookback_only,yes,no
f8d6eaa1-d9d7-4b17-8704-0c12929552fe,Amazon,SPEND bank txn,8bdf7314-7f3c-4b71-a014-17d8202cfa31,2025-08-14,AUTHORISED,310,310,19.99,INPUT2,lookback_only,yes,no
f8d6eaa1-d9d7-4b17-8704-0c12929552fe,Amazon,SPEND bank txn,b41c9785-fcc4-4189-8bd8-b995b7bbed9a,2025-08-22,AUTHORISED,310,310,12.99,INPUT2,lookback_only,yes,no
f8d6eaa1-d9d7-4b17-8704-0c12929552fe,Amazon,SPEND bank txn,7efd1c76-23b1-4b37-8e94-7e19757eacda,2025-08-31,AUTHORISED,310,310,26.34,INPUT2,lookback_only,yes,no
f8d6eaa1-d9d7-4b17-8704-0c12929552fe,Amazon,SPEND bank txn,8139f39b-e863-4e0a-87c9-c335b5798b11,2025-09-01,AUTHORISED,310,310,63.49,INPUT2,lookback_only,yes,no
f8d6eaa1-d9d7-4b17-8704-0c12929552fe,Amazon,SPEND bank txn,f6171585-cb98-4b92-82c3-50cc24a1b473,2025-09-01,AUTHORISED,310,310,24.99,INPUT2,lookback_only,yes,no
f8d6eaa1-d9d7-4b17-8704-0c12929552fe,Amazon,SPEND bank txn,5f97dc60-1092-4675-9ce1-663993b830f8,2025-09-15,AUTHORISED,310,310,32.9,INPUT2,lookback_only,yes,no
f8d6eaa1-d9d7-4b17-8704-0c12929552fe,Amazon,SPEND bank txn,053f5028-b3b6-48dc-a8c7-b41872add7d1,2025-09-16,AUTHORISED,310,310,34.95,INPUT2,lookback_only,yes,no
f8d6eaa1-d9d7-4b17-8704-0c12929552fe,Amazon,SPEND bank txn,e07519a6-07d0-4005-9407-2136874cae8f,2025-09-16,AUTHORISED,310,310,12.98,INPUT2,lookback_only,yes,no
f8d6eaa1-d9d7-4b17-8704-0c12929552fe,Amazon,SPEND bank txn,cc515c06-7128-43db-8d1e-04cbea939f94,2025-09-24,AUTHORISED,310,310,35.13,INPUT2,lookback_only,yes,no
f8d6eaa1-d9d7-4b17-8704-0c12929552fe,Amazon,SPEND bank txn,ce682027-639e-438e-a305-c6781b5990a6,2025-09-24,AUTHORISED,310,310,49.26,INPUT2,lookback_only,yes,no
f8d6eaa1-d9d7-4b17-8704-0c12929552fe,Amazon,SPEND bank txn,ecff3519-0474-4702-81f0-f1b07e948e32,2025-09-24,AUTHORISED,310,310,15.99,INPUT2,lookback_only,yes,no
f8d6eaa1-d9d7-4b17-8704-0c12929552fe,Amazon,SPEND bank txn,d621a313-7ea8-4d15-b040-e029de0d9f18,2025-09-26,AUTHORISED,310,310,6.59,INPUT2,lookback_only,yes,no
f8d6eaa1-d9d7-4b17-8704-0c12929552fe,Amazon,SPEND bank txn,df4f3ec8-e39c-42e0-a002-177a1ad21778,2025-10-19,AUTHORISED,310,310,58.86,INPUT2,lookback_only,yes,no
f8d6eaa1-d9d7-4b17-8704-0c12929552fe,Amazon,SPEND bank txn,050702b6-2197-4970-900c-c0773e1a8bf8,2025-10-22,AUTHORISED,310,310,49.97,INPUT2,lookback_only,yes,no
f8d6eaa1-d9d7-4b17-8704-0c12929552fe,Amazon,SPEND bank txn,abdc2d6b-e111-4433-9018-1a3d8a3460a0,2025-10-22,AUTHORISED,310,310,35.13,INPUT2,lookback_only,yes,no
f8d6eaa1-d9d7-4b17-8704-0c12929552fe,Amazon,SPEND bank txn,fcf422d5-ff85-4c49-941f-98ab36811398,2025-10-24,AUTHORISED,310,310,30.99,INPUT2,lookback_only,yes,no
f8d6eaa1-d9d7-4b17-8704-0c12929552fe,Amazon,SPEND bank txn,6d0e4d2d-590c-43b7-bfa9-4e514c792262,2025-10-27,AUTHORISED,310,310,18.17,INPUT2,lookback_only,yes,no
f8d6eaa1-d9d7-4b17-8704-0c12929552fe,Amazon,SPEND bank txn,b16b578d-b22a-44c6-b968-1aac884ebcbb,2025-10-30,AUTHORISED,310,310,14,INPUT2,lookback_only,yes,no
f8d6eaa1-d9d7-4b17-8704-0c12929552fe,Amazon,SPEND bank txn,1b29951f-6353-4b38-bf51-b54669cd2406,2025-11-01,AUTHORISED,310,310,53.68,INPUT2,yes,yes,no
f8d6eaa1-d9d7-4b17-8704-0c12929552fe,Amazon,SPEND bank txn,2fee9806-c6fe-4a10-b962-605489a3ed0a,2025-11-03,AUTHORISED,310,310,23.99,INPUT2,yes,yes,no
f8d6eaa1-d9d7-4b17-8704-0c12929552fe,Amazon,SPEND bank txn,738afb43-fcfa-4259-80cc-541289019779,2025-11-03,AUTHORISED,310,310,29.9,INPUT2,yes,yes,no
f8d6eaa1-d9d7-4b17-8704-0c12929552fe,Amazon,SPEND bank txn,ea32b85f-879f-43ea-9e17-7e97914e97a7,2025-11-10,AUTHORISED,310,310,6.99,INPUT2,yes,yes,no
f8d6eaa1-d9d7-4b17-8704-0c12929552fe,Amazon,SPEND bank txn,546a3ecd-5ba7-4b3b-8ac9-20749f24c6f3,2025-11-20,AUTHORISED,310,310,24.95,INPUT2,yes,yes,no
f8d6eaa1-d9d7-4b17-8704-0c12929552fe,Amazon,SPEND bank txn,9c888202-81d3-4985-892d-111828f1db18,2025-12-18,AUTHORISED,310,310,3.99,INPUT2,yes,yes,no
f8d6eaa1-d9d7-4b17-8704-0c12929552fe,Amazon,SPEND bank txn,5b99caa1-2d7c-4e77-8075-481e443f43e9,2026-01-06,AUTHORISED,310,310,141.95,INPUT2,yes,yes,no
f8d6eaa1-d9d7-4b17-8704-0c12929552fe,Amazon,SPEND bank txn,9c8a1a30-122a-4e99-a2bd-22dee69d3760,2026-01-14,AUTHORISED,310,310,22.99,INPUT2,yes,yes,no
f8d6eaa1-d9d7-4b17-8704-0c12929552fe,Amazon,SPEND bank txn,ff49e165-18e6-488c-b210-963d2b6d4fca,2026-01-14,AUTHORISED,310,310,70.54,INPUT2,yes,yes,no
f8d6eaa1-d9d7-4b17-8704-0c12929552fe,Amazon,SPEND bank txn,34ad6d8c-05e1-47e0-a626-06d391b73725,2026-01-15,AUTHORISED,310,310,29.99,INPUT2,yes,yes,no
f8d6eaa1-d9d7-4b17-8704-0c12929552fe,Amazon,SPEND bank txn,aae3fe56-df92-47d0-8a96-cfb662626c7e,2026-01-15,AUTHORISED,310,310,25.99,INPUT2,yes,yes,no
f8d6eaa1-d9d7-4b17-8704-0c12929552fe,Amazon,SPEND bank txn,1dc0854d-bcde-40de-9034-36c360134578,2026-01-19,AUTHORISED,310,310,33.27,INPUT2,yes,yes,no
f8d6eaa1-d9d7-4b17-8704-0c12929552fe,Amazon,SPEND bank txn,39e3de85-8daf-4aca-aafe-2b70998449e6,2026-01-21,AUTHORISED,310,310,26.25,INPUT2,yes,yes,no
f8d6eaa1-d9d7-4b17-8704-0c12929552fe,Amazon,SPEND bank txn,d3619827-cd11-4ef1-a516-e2a7a6c539e8,2026-01-29,AUTHORISED,310,310,11.95,INPUT2,yes,yes,no
f8d6eaa1-d9d7-4b17-8704-0c12929552fe,Amazon,SPEND bank txn,31358938-229e-48a8-81ac-d7274552fd01,2026-02-17,AUTHORISED,310,310,23.99,INPUT2,yes,yes,no
f8d6eaa1-d9d7-4b17-8704-0c12929552fe,Amazon,SPEND bank txn,0b4a1d33-7f34-4d26-ae9a-76411565a0cd,2026-02-25,AUTHORISED,310,310,33.27,INPUT2,yes,yes,no
f8d6eaa1-d9d7-4b17-8704-0c12929552fe,Amazon,SPEND bank txn,6c8ee913-2b6d-4aff-9adc-f742ad89cb02,2026-02-25,AUTHORISED,310,310,34.99,INPUT2,yes,yes,no
f8d6eaa1-d9d7-4b17-8704-0c12929552fe,Amazon,SPEND bank txn,57634d51-de73-4cb9-9aff-f64548a3fd31,2026-02-26,AUTHORISED,310,310,26.4,INPUT2,yes,yes,no
f8d6eaa1-d9d7-4b17-8704-0c12929552fe,Amazon,SPEND bank txn,5b70cdc7-38a6-4602-b629-8125d1e725b0,2026-02-27,AUTHORISED,310,310,48.99,INPUT2,yes,yes,no
f8d6eaa1-d9d7-4b17-8704-0c12929552fe,Amazon,SPEND bank txn,c8082b37-0260-4e78-ac5c-7c06f9a3356f,2026-03-03,AUTHORISED,310,310,78.99,INPUT2,yes,yes,no
f8d6eaa1-d9d7-4b17-8704-0c12929552fe,Amazon,SPEND bank txn,f7b98c23-75b2-4e47-8464-7fbe4a103ea6,2026-03-19,AUTHORISED,310,310,18.9,INPUT2,yes,yes,no
f8d6eaa1-d9d7-4b17-8704-0c12929552fe,Amazon,SPEND bank txn,e19f83d3-295e-45f2-ba32-ce1bbc2325f4,2026-04-28,AUTHORISED,310,310,34.99,INPUT2,yes,yes,no
f8d6eaa1-d9d7-4b17-8704-0c12929552fe,Amazon,SPEND bank txn,aa5f3951-1e2a-4b57-ac4a-58e3fb18b4be,2026-04-30,AUTHORISED,310,310,19.99,INPUT2,yes,yes,no
f8d6eaa1-d9d7-4b17-8704-0c12929552fe,Amazon,ACCPAY bill,35c1d466-2626-48df-9355-8945f1583a52,2026-05-28,AUTHORISED,325,310,16.65,INPUT2,yes,no,yes
f8d6eaa1-d9d7-4b17-8704-0c12929552fe,Amazon,ACCPAY bill,35c1d466-2626-48df-9355-8945f1583a52,2026-05-28,AUTHORISED,325,310,0.01,ZERORATEDINPUT,yes,no,yes
6639666a-3826-4d45-86c0-e7f67f85630e,BIFFA WASTE SERVIC,SPEND bank txn,1d363e7d-bd59-4970-b08a-e5e61c45e46b,2025-08-26,AUTHORISED,491,408,126.34,INPUT2,lookback_only,no,no
6639666a-3826-4d45-86c0-e7f67f85630e,BIFFA WASTE SERVIC,SPEND bank txn,e394b27c-283e-4dfb-a468-d732e51d7bbc,2025-09-22,AUTHORISED,491,408,157.92,INPUT2,lookback_only,no,no
6639666a-3826-4d45-86c0-e7f67f85630e,BIFFA WASTE SERVIC,SPEND bank txn,c938f8b8-d164-4f4c-9777-810137df9119,2025-10-27,AUTHORISED,491,408,126.34,INPUT2,lookback_only,no,no
6639666a-3826-4d45-86c0-e7f67f85630e,BIFFA WASTE SERVIC,SPEND bank txn,8718dd77-d077-4fec-9914-57079b7cf5ad,2025-11-24,AUTHORISED,408,408,126.34,INPUT2,yes,yes,no
6639666a-3826-4d45-86c0-e7f67f85630e,BIFFA WASTE SERVIC,SPEND bank txn,69cbbe39-2d16-4b97-9bc7-c0a74ef37bbc,2025-12-22,AUTHORISED,408,408,157.92,INPUT2,yes,yes,no
6639666a-3826-4d45-86c0-e7f67f85630e,BIFFA WASTE SERVIC,SPEND bank txn,7477ee5c-659b-4317-8f76-889752bc77cb,2026-01-26,AUTHORISED,408,408,126.34,INPUT2,yes,yes,no
6639666a-3826-4d45-86c0-e7f67f85630e,BIFFA WASTE SERVIC,SPEND bank txn,6a3c6cac-25d7-4e01-bb4c-46365486248f,2026-02-23,AUTHORISED,408,408,126.34,INPUT2,yes,yes,no
6639666a-3826-4d45-86c0-e7f67f85630e,BIFFA WASTE SERVIC,SPEND bank txn,989d6068-aed2-4ab8-ab31-48195d114f50,2026-03-23,AUTHORISED,408,408,157.92,INPUT2,yes,yes,no
6639666a-3826-4d45-86c0-e7f67f85630e,BIFFA WASTE SERVIC,SPEND bank txn,1d8707ec-1075-48a6-98f1-6ab37b9ca212,2026-04-27,AUTHORISED,408,408,126.34,INPUT2,yes,yes,no
6b44ff63-ed7b-407c-a35f-eff543440100,Credit Flex,SPEND bank txn,caea0f1b-b626-4153-aee7-3e10cbbf0067,2025-08-17,AUTHORISED,911,917,422.7,NONE,lookback_only,no,no
6b44ff63-ed7b-407c-a35f-eff543440100,Credit Flex,SPEND bank txn,ebaad132-255c-4998-88cb-898d566e58d2,2025-09-17,AUTHORISED,911,917,422.7,NONE,lookback_only,no,no
6b44ff63-ed7b-407c-a35f-eff543440100,Credit Flex,SPEND bank txn,7901e9da-a1b4-4c6c-812a-1b96d6351cfb,2025-10-17,AUTHORISED,911,917,423.06,NONE,lookback_only,no,no
6b44ff63-ed7b-407c-a35f-eff543440100,Credit Flex,SPEND bank txn,066f2d4e-2dc4-4c78-aa00-a85ce9fdb439,2025-11-06,AUTHORISED,912,917,224.11,NONE,yes,no,yes
6b44ff63-ed7b-407c-a35f-eff543440100,Credit Flex,SPEND bank txn,da213bf2-576a-447d-a613-c2b8cf34a4db,2025-11-10,AUTHORISED,913,917,248.32,NONE,yes,no,yes
6b44ff63-ed7b-407c-a35f-eff543440100,Credit Flex,SPEND bank txn,e5962878-8790-4994-9599-c851ac3d580e,2025-12-06,AUTHORISED,912,917,224.11,NONE,yes,no,yes
6b44ff63-ed7b-407c-a35f-eff543440100,Credit Flex,SPEND bank txn,93eb0955-1e38-493c-ba23-83c59c5a554e,2025-12-10,AUTHORISED,913,917,248.32,NONE,yes,no,yes
6b44ff63-ed7b-407c-a35f-eff543440100,Credit Flex,SPEND bank txn,fa0015f2-72f5-48bb-a93e-e75ef2444dc7,2025-12-28,AUTHORISED,914,917,414.61,NONE,yes,no,yes
6b44ff63-ed7b-407c-a35f-eff543440100,Credit Flex,SPEND bank txn,81ebb309-447a-4a9a-97c0-7401a16dcec7,2026-01-03,AUTHORISED,917,917,812.88,NONE,yes,yes,no
6b44ff63-ed7b-407c-a35f-eff543440100,Credit Flex,SPEND bank txn,499883a1-3903-494d-8633-9ea784f76c38,2026-01-06,AUTHORISED,912,917,224.11,NONE,yes,no,yes
6b44ff63-ed7b-407c-a35f-eff543440100,Credit Flex,SPEND bank txn,b0f0e100-43d1-48f8-a34c-4bc9f68a19b9,2026-01-10,AUTHORISED,913,917,248.32,NONE,yes,no,yes
6b44ff63-ed7b-407c-a35f-eff543440100,Credit Flex,SPEND bank txn,d9267e1d-918e-463d-8eba-056041ff7cfd,2026-01-17,AUTHORISED,922,917,158.47,NONE,yes,no,yes
6b44ff63-ed7b-407c-a35f-eff543440100,Credit Flex,SPEND bank txn,2d8d02bd-e89f-4559-84d3-24dddfcfea4d,2026-01-22,AUTHORISED,915,917,307.62,NONE,yes,no,yes
6b44ff63-ed7b-407c-a35f-eff543440100,Credit Flex,SPEND bank txn,cfc840e1-4877-411b-bb72-11ab9ba10716,2026-01-28,AUTHORISED,914,917,414.61,NONE,yes,no,yes
6b44ff63-ed7b-407c-a35f-eff543440100,Credit Flex,SPEND bank txn,6fe41da1-7dc0-43f3-ab7a-846d0de726f1,2026-02-02,AUTHORISED,916,917,141.84,NONE,yes,no,yes
6b44ff63-ed7b-407c-a35f-eff543440100,Credit Flex,SPEND bank txn,951509c7-3b9c-4738-aaea-1d404772e758,2026-02-03,AUTHORISED,917,917,812.88,NONE,yes,yes,no
6b44ff63-ed7b-407c-a35f-eff543440100,Credit Flex,SPEND bank txn,24fc8950-caab-4a66-b1f8-a775ec060975,2026-02-06,AUTHORISED,912,917,224.78,NONE,yes,no,yes
6b44ff63-ed7b-407c-a35f-eff543440100,Credit Flex,SPEND bank txn,d9e8bcc5-bcc3-4c60-a98b-02a8010e51ea,2026-02-06,AUTHORISED,918,917,388.62,NONE,yes,no,yes
6b44ff63-ed7b-407c-a35f-eff543440100,Credit Flex,SPEND bank txn,81f79060-eaa7-4f08-a291-f503dcf5aaf6,2026-02-10,AUTHORISED,913,917,249.06,NONE,yes,no,yes
6b44ff63-ed7b-407c-a35f-eff543440100,Credit Flex,SPEND bank txn,1aad06d4-cd01-419d-82f2-33fe8c6ed807,2026-02-17,AUTHORISED,922,917,158.47,NONE,yes,no,yes
6b44ff63-ed7b-407c-a35f-eff543440100,Credit Flex,SPEND bank txn,34411d4d-3a2d-40aa-a09e-7fa80065eb4e,2026-02-22,AUTHORISED,915,917,307.62,NONE,yes,no,yes
6b44ff63-ed7b-407c-a35f-eff543440100,Credit Flex,SPEND bank txn,5b4fc608-a775-409b-a8c1-733ba4b2b9e9,2026-02-23,AUTHORISED,923,917,154.37,NONE,yes,no,yes
6b44ff63-ed7b-407c-a35f-eff543440100,Credit Flex,SPEND bank txn,3f7d5ebb-70ed-4380-b79f-ef3c777dce12,2026-02-26,AUTHORISED,921,917,357.94,NONE,yes,no,yes
6b44ff63-ed7b-407c-a35f-eff543440100,Credit Flex,SPEND bank txn,17117132-8af2-4a0c-acea-d2c6a6b08b83,2026-02-28,AUTHORISED,914,917,414.61,NONE,yes,no,yes
6b44ff63-ed7b-407c-a35f-eff543440100,Credit Flex,SPEND bank txn,9c15bb95-43f6-4fcc-9962-d1dd54ce94f0,2026-03-02,AUTHORISED,916,917,141.84,NONE,yes,no,yes
6b44ff63-ed7b-407c-a35f-eff543440100,Credit Flex,SPEND bank txn,3ed199c6-4a33-4c8f-8be4-a95844f12aea,2026-03-03,AUTHORISED,917,917,576.42,NONE,yes,yes,no
6b44ff63-ed7b-407c-a35f-eff543440100,Credit Flex,SPEND bank txn,fde823e3-8a12-4265-9466-82702ffd8507,2026-03-03,AUTHORISED,917,917,236.46,NONE,yes,yes,no
6b44ff63-ed7b-407c-a35f-eff543440100,Credit Flex,SPEND bank txn,5d093e1d-b095-47a8-9f17-d1b2ea0dd91c,2026-03-05,AUTHORISED,919,917,177.12,NONE,yes,no,yes
6b44ff63-ed7b-407c-a35f-eff543440100,Credit Flex,SPEND bank txn,8693a034-05ff-4943-8f4c-13dd02b19022,2026-03-06,AUTHORISED,918,917,388.62,NONE,yes,no,yes
6b44ff63-ed7b-407c-a35f-eff543440100,Credit Flex,SPEND bank txn,4eb7053f-bbdc-492f-9193-4d84c6d4b460,2026-03-17,AUTHORISED,922,917,158.47,NONE,yes,no,yes
6b44ff63-ed7b-407c-a35f-eff543440100,Credit Flex,SPEND bank txn,187becd3-dace-4a66-b47b-014334b2eaf2,2026-03-22,AUTHORISED,915,917,307.62,NONE,yes,no,yes
6b44ff63-ed7b-407c-a35f-eff543440100,Credit Flex,SPEND bank txn,7b37bafb-31bf-4f92-b3a5-20534330e955,2026-03-23,AUTHORISED,923,917,154.37,NONE,yes,no,yes
6b44ff63-ed7b-407c-a35f-eff543440100,Credit Flex,SPEND bank txn,aa7c63c9-5546-4e8d-9ec0-c423082b4003,2026-03-26,AUTHORISED,921,917,357.94,NONE,yes,no,yes
6b44ff63-ed7b-407c-a35f-eff543440100,Credit Flex,SPEND bank txn,5374aaff-cff9-4725-8c99-35bdff0c29f5,2026-03-28,AUTHORISED,914,917,414.09,NONE,yes,no,yes
6b44ff63-ed7b-407c-a35f-eff543440100,Credit Flex,SPEND bank txn,f71f95a1-eeb0-4395-b1ac-028141687552,2026-04-02,AUTHORISED,916,917,141.84,NONE,yes,no,yes
6b44ff63-ed7b-407c-a35f-eff543440100,Credit Flex,SPEND bank txn,c2df1d59-c4d6-417b-a219-e5e84d8b361f,2026-04-03,AUTHORISED,917,917,160.35,NONE,yes,yes,no
6b44ff63-ed7b-407c-a35f-eff543440100,Credit Flex,SPEND bank txn,c5d3570d-e56a-44eb-b1c0-a330344f864b,2026-04-03,AUTHORISED,917,917,10,NONE,yes,yes,no
6b44ff63-ed7b-407c-a35f-eff543440100,Credit Flex,SPEND bank txn,28d4a38c-afb7-4a96-a606-20c76f1153f5,2026-04-07,AUTHORISED,919,917,16.81,NONE,yes,no,yes
6b44ff63-ed7b-407c-a35f-eff543440100,Credit Flex,SPEND bank txn,6f9b0880-d824-4df5-b754-1d3c929c6fbb,2026-04-07,AUTHORISED,917,917,642.46,NONE,yes,yes,no
6b44ff63-ed7b-407c-a35f-eff543440100,Credit Flex,SPEND bank txn,f0246795-0075-4bd3-95c2-6c480e4b62db,2026-04-07,AUTHORISED,918,917,106.25,NONE,yes,no,yes
6b44ff63-ed7b-407c-a35f-eff543440100,Credit Flex,SPEND bank txn,36cc28ef-fc7f-426e-9ca2-dca044cb666d,2026-04-08,AUTHORISED,918,917,282.37,NONE,yes,no,yes
6b44ff63-ed7b-407c-a35f-eff543440100,Credit Flex,SPEND bank txn,740c89eb-94e0-4a59-aba8-f02e87b0964a,2026-04-08,AUTHORISED,919,917,160.31,NONE,yes,no,yes
6b44ff63-ed7b-407c-a35f-eff543440100,Credit Flex,SPEND bank txn,ae213290-ea5d-4f96-a446-9cf78b0702d8,2026-04-17,AUTHORISED,922,917,143.63,NONE,yes,no,yes
6b44ff63-ed7b-407c-a35f-eff543440100,Credit Flex,SPEND bank txn,b8e516ab-6027-40f2-a68d-536add22017a,2026-04-17,AUTHORISED,922,917,14.84,NONE,yes,no,yes
6b44ff63-ed7b-407c-a35f-eff543440100,Credit Flex,SPEND bank txn,6927dc25-6a28-4dae-a63f-3b04be91eb86,2026-04-22,AUTHORISED,915,917,307.62,NONE,yes,no,yes
6b44ff63-ed7b-407c-a35f-eff543440100,Credit Flex,SPEND bank txn,4e2685ad-9090-4e61-9287-b5e6b9e15ab4,2026-04-23,AUTHORISED,923,917,44.02,NONE,yes,no,yes
6b44ff63-ed7b-407c-a35f-eff543440100,Credit Flex,SPEND bank txn,85d74ea0-c2e9-41fa-8924-b8a661711111,2026-04-23,AUTHORISED,923,917,110.35,NONE,yes,no,yes
6b44ff63-ed7b-407c-a35f-eff543440100,Credit Flex,SPEND bank txn,971014a9-0953-4310-a35d-eac2c845d3f3,2026-04-26,AUTHORISED,921,917,357.94,NONE,yes,no,yes
6b44ff63-ed7b-407c-a35f-eff543440100,Credit Flex,SPEND bank txn,673059f3-850e-417b-b43d-797c9979d8c6,2026-05-02,AUTHORISED,916,917,108.5,NONE,yes,no,yes
6b44ff63-ed7b-407c-a35f-eff543440100,Credit Flex,SPEND bank txn,ffc3aef2-ad19-412d-be72-95054daf8415,2026-05-02,AUTHORISED,916,917,33.34,NONE,yes,no,yes
6b44ff63-ed7b-407c-a35f-eff543440100,Credit Flex,SPEND bank txn,4b5ebc72-0b5e-4d75-9ba7-b24ff2d07806,2026-05-05,AUTHORISED,919,917,80.29,NONE,yes,no,yes
6b44ff63-ed7b-407c-a35f-eff543440100,Credit Flex,SPEND bank txn,610e996d-4f4c-4d56-9007-4599a7561874,2026-05-05,AUTHORISED,919,917,5.58,NONE,yes,no,yes
6b44ff63-ed7b-407c-a35f-eff543440100,Credit Flex,SPEND bank txn,467edb6b-aac8-45d3-88af-bc946acc6509,2026-05-06,AUTHORISED,919,917,68.68,NONE,yes,no,yes
6b44ff63-ed7b-407c-a35f-eff543440100,Credit Flex,SPEND bank txn,8c96464b-2ac5-4b9d-816c-519efb0fb700,2026-05-06,AUTHORISED,918,917,204.16,NONE,yes,no,yes
6b44ff63-ed7b-407c-a35f-eff543440100,Credit Flex,SPEND bank txn,f5fe37d7-9be3-448a-9145-895bc7c91698,2026-05-06,AUTHORISED,919,917,22.57,NONE,yes,no,yes
6b44ff63-ed7b-407c-a35f-eff543440100,Credit Flex,SPEND bank txn,5acc2e6b-b2ca-4510-bb6c-6c67539fa7fb,2026-05-07,AUTHORISED,918,917,184.46,NONE,yes,no,yes
6b44ff63-ed7b-407c-a35f-eff543440100,Credit Flex,SPEND bank txn,a4913976-620c-4d77-af7f-7ff4bdf8ded4,2026-05-17,AUTHORISED,922,917,158.47,NONE,yes,no,yes
6b44ff63-ed7b-407c-a35f-eff543440100,Credit Flex,SPEND bank txn,20066d46-b141-434b-831b-8ca0e21272df,2026-05-22,AUTHORISED,915,917,307.62,NONE,yes,no,yes
6b44ff63-ed7b-407c-a35f-eff543440100,Credit Flex,SPEND bank txn,44f750d6-42f2-498a-b439-cd0fdfd28ec5,2026-05-23,AUTHORISED,923,917,154.37,NONE,yes,no,yes
6b44ff63-ed7b-407c-a35f-eff543440100,Credit Flex,SPEND bank txn,6d645003-fc4c-44fa-ab49-21f4f41c82d8,2026-05-26,AUTHORISED,921,917,357.94,NONE,yes,no,yes
6b44ff63-ed7b-407c-a35f-eff543440100,Credit Flex,SPEND bank txn,46569105-bb89-4674-ad3f-cac71f23f713,2026-06-02,AUTHORISED,916,917,129.62,NONE,yes,no,yes
6b44ff63-ed7b-407c-a35f-eff543440100,Credit Flex,SPEND bank txn,f36f46b0-d8cd-4ce7-8e21-8498093a6f47,2026-06-02,AUTHORISED,916,917,12.22,NONE,yes,no,yes
6b44ff63-ed7b-407c-a35f-eff543440100,Credit Flex,SPEND bank txn,beb8efc6-1ed1-4f8d-a42b-f627321f5879,2026-06-05,AUTHORISED,919,917,177.12,NONE,yes,no,yes
6b44ff63-ed7b-407c-a35f-eff543440100,Credit Flex,SPEND bank txn,97c1189b-63af-4500-bc85-9c4199086212,2026-06-06,AUTHORISED,918,917,388.62,NONE,yes,no,yes
6b44ff63-ed7b-407c-a35f-eff543440100,Credit Flex,SPEND bank txn,defaf66e-c2a6-48df-85cd-e07c5c79826e,2026-06-17,AUTHORISED,922,917,158.2,NONE,yes,no,yes
6b44ff63-ed7b-407c-a35f-eff543440100,Credit Flex,SPEND bank txn,6dc2733f-636e-40a4-a15a-7a3a5405c818,2026-06-22,AUTHORISED,915,917,256.73,NONE,yes,no,yes
6b44ff63-ed7b-407c-a35f-eff543440100,Credit Flex,SPEND bank txn,899b6738-e8fd-40f9-ac02-43cd47c6d8fe,2026-06-22,AUTHORISED,915,917,50.34,NONE,yes,no,yes
6b44ff63-ed7b-407c-a35f-eff543440100,Credit Flex,SPEND bank txn,9303b7e2-828c-4f4e-8394-4ea5ba32184e,2026-06-23,AUTHORISED,923,917,12.79,NONE,yes,no,yes
6b44ff63-ed7b-407c-a35f-eff543440100,Credit Flex,SPEND bank txn,c72f9e44-9faf-4944-8c52-2d8541be08b1,2026-06-23,AUTHORISED,923,917,16.28,NONE,yes,no,yes
6b44ff63-ed7b-407c-a35f-eff543440100,Credit Flex,SPEND bank txn,a7dd22e2-0593-4940-a8f1-b01998881327,2026-06-24,AUTHORISED,923,917,80.84,NONE,yes,no,yes
6b44ff63-ed7b-407c-a35f-eff543440100,Credit Flex,SPEND bank txn,eebd544d-746b-459e-b0e3-4978c43d09f7,2026-06-24,AUTHORISED,923,917,44.46,NONE,yes,no,yes
6b44ff63-ed7b-407c-a35f-eff543440100,Credit Flex,SPEND bank txn,111d48d5-188f-4f85-8769-87b0af321c34,2026-06-26,AUTHORISED,921,917,39.96,NONE,yes,no,yes
6b44ff63-ed7b-407c-a35f-eff543440100,Credit Flex,SPEND bank txn,f4e7c63f-d093-47f1-8375-aef60d4826db,2026-06-26,AUTHORISED,921,917,317.98,NONE,yes,no,yes
6b44ff63-ed7b-407c-a35f-eff543440100,Credit Flex,SPEND bank txn,aee423e4-2cee-46b9-85ca-a85f7eee1f36,2026-07-02,AUTHORISED,916,917,140.78,NONE,yes,no,yes
6b44ff63-ed7b-407c-a35f-eff543440100,Credit Flex,SPEND bank txn,5291e4c5-ccb0-4e8f-b6df-e9da1ece7624,2026-07-05,AUTHORISED,919,917,16.99,NONE,yes,no,yes
6b44ff63-ed7b-407c-a35f-eff543440100,Credit Flex,SPEND bank txn,64241203-f8a6-4784-a016-c1e25fef1fa6,2026-07-06,AUTHORISED,918,917,388.62,NONE,yes,no,yes
6b44ff63-ed7b-407c-a35f-eff543440100,Credit Flex,SPEND bank txn,bf416257-5209-4dcb-9c44-7f05df1c54dc,2026-07-06,AUTHORISED,919,917,160.13,NONE,yes,no,yes
9dd425a8-76ec-4649-87ee-c054b24056d0,Ian W Bentley Bulk Transport Ltd,SPEND bank txn,e32676ce-fd9a-4537-9c7b-97de7f190d35,2025-08-20,AUTHORISED,445,469,255.67,RRINPUT,lookback_only,no,no
9dd425a8-76ec-4649-87ee-c054b24056d0,Ian W Bentley Bulk Transport Ltd,SPEND bank txn,6449169e-beb2-42dc-92fe-c4153b61ea23,2025-09-01,AUTHORISED,469,469,3250,INPUT2,lookback_only,yes,no
9dd425a8-76ec-4649-87ee-c054b24056d0,Ian W Bentley Bulk Transport Ltd,SPEND bank txn,21c1d1c8-ad44-4338-a326-013039620f27,2025-09-02,AUTHORISED,445,469,331.78,RRINPUT,lookback_only,no,no
9dd425a8-76ec-4649-87ee-c054b24056d0,Ian W Bentley Bulk Transport Ltd,SPEND bank txn,82b5b0c8-f5dd-4b91-aea7-0fe27518ce66,2025-09-30,AUTHORISED,469,469,3250,INPUT2,lookback_only,yes,no
9dd425a8-76ec-4649-87ee-c054b24056d0,Ian W Bentley Bulk Transport Ltd,SPEND bank txn,03c93986-6652-4c0d-b67f-0286a0d0cd66,2025-10-01,AUTHORISED,445,469,262.35,RRINPUT,lookback_only,no,no
9dd425a8-76ec-4649-87ee-c054b24056d0,Ian W Bentley Bulk Transport Ltd,SPEND bank txn,d6c0a570-01ce-488a-8f3a-b213a3d1bbfb,2025-10-31,AUTHORISED,469,469,3250,INPUT2,yes,yes,no
9dd425a8-76ec-4649-87ee-c054b24056d0,Ian W Bentley Bulk Transport Ltd,ACCPAY bill,7ea2ad9e-fb95-42b7-b65c-4e2e39f6bc02,2025-11-03,PAID,469,469,312.01,INPUT2,yes,yes,no
9dd425a8-76ec-4649-87ee-c054b24056d0,Ian W Bentley Bulk Transport Ltd,ACCPAY bill,389e2185-f4b5-481d-903c-e720bd5123ae,2025-11-10,PAID,469,469,124.48,ZERORATEDINPUT,yes,yes,no
9dd425a8-76ec-4649-87ee-c054b24056d0,Ian W Bentley Bulk Transport Ltd,ACCPAY bill,b9c82a83-cf6b-47b9-83b3-a103a7b4cd58,2025-11-28,PAID,469,469,2708.33,INPUT2,yes,yes,no
9dd425a8-76ec-4649-87ee-c054b24056d0,Ian W Bentley Bulk Transport Ltd,ACCPAY bill,dd8dade0-42bf-447b-a119-fb8164419eb2,2025-11-30,PAID,469,469,313,INPUT2,yes,yes,no
9dd425a8-76ec-4649-87ee-c054b24056d0,Ian W Bentley Bulk Transport Ltd,ACCPAY bill,1461cea9-1623-44a4-af93-fbf583cb5db1,2025-12-31,PAID,469,469,2708.33,INPUT2,yes,yes,no
9dd425a8-76ec-4649-87ee-c054b24056d0,Ian W Bentley Bulk Transport Ltd,ACCPAY bill,2efefd0c-f39a-4088-ab34-418a07829094,2026-01-31,PAID,469,469,2708.33,INPUT2,yes,yes,no
9dd425a8-76ec-4649-87ee-c054b24056d0,Ian W Bentley Bulk Transport Ltd,SPEND bank txn,335ca4ee-6da9-4f2f-855c-444fad15fbea,2026-03-16,AUTHORISED,469,469,110.24,RRINPUT,yes,yes,no
9dd425a8-76ec-4649-87ee-c054b24056d0,Ian W Bentley Bulk Transport Ltd,SPEND bank txn,f476cafb-0b4f-4089-a96c-28ac69c5ef2d,2026-03-16,AUTHORISED,469,469,595.02,RRINPUT,yes,yes,no
9dd425a8-76ec-4649-87ee-c054b24056d0,Ian W Bentley Bulk Transport Ltd,ACCPAY bill,93c83ac2-e654-47d0-a37b-2202325487fa,2026-03-31,PAID,469,469,2708.33,INPUT2,yes,yes,no
9dd425a8-76ec-4649-87ee-c054b24056d0,Ian W Bentley Bulk Transport Ltd,SPEND bank txn,b1d36756-03c5-4c2a-970c-78ec1a33cf55,2026-04-09,AUTHORISED,469,469,1200,INPUT2,yes,yes,no
9dd425a8-76ec-4649-87ee-c054b24056d0,Ian W Bentley Bulk Transport Ltd,SPEND bank txn,bac685b0-c55d-4ac6-8768-8ab771a742c2,2026-04-09,AUTHORISED,469,469,1050,INPUT2,yes,yes,no
9dd425a8-76ec-4649-87ee-c054b24056d0,Ian W Bentley Bulk Transport Ltd,SPEND bank txn,dec23987-81ec-4452-b1fe-b4152aae153c,2026-04-09,AUTHORISED,469,469,1000,INPUT2,yes,yes,no
9dd425a8-76ec-4649-87ee-c054b24056d0,Ian W Bentley Bulk Transport Ltd,SPEND bank txn,6df26c81-9c46-40f7-8576-746dd869240e,2026-04-29,AUTHORISED,469,469,348.68,RRINPUT,yes,yes,no
9dd425a8-76ec-4649-87ee-c054b24056d0,Ian W Bentley Bulk Transport Ltd,ACCPAY bill,a3c91f70-4996-45c2-a1d2-8b112e3ea203,2026-05-01,AUTHORISED,469,469,306.59,INPUT2,yes,yes,no
94fed95a-e482-4af5-a409-bbbf607976a5,MARKETPLACE MERCHA,SPEND bank txn,d80adc51-22cc-45a3-9815-25de4cc0a47e,2025-09-02,AUTHORISED,485,400,36,NONE,lookback_only,no,no
94fed95a-e482-4af5-a409-bbbf607976a5,MARKETPLACE MERCHA,SPEND bank txn,da1624f1-1393-4bdd-a121-67ad480061a2,2025-10-02,AUTHORISED,485,400,36,NONE,lookback_only,no,no
94fed95a-e482-4af5-a409-bbbf607976a5,MARKETPLACE MERCHA,SPEND bank txn,6d460c85-aea6-40b2-a4a8-147ee9f2c5ed,2025-10-06,AUTHORISED,400,400,12,NONE,lookback_only,yes,no
94fed95a-e482-4af5-a409-bbbf607976a5,MARKETPLACE MERCHA,SPEND bank txn,767f8d1f-8598-42a5-8a82-6ec87a75af5a,2025-11-04,AUTHORISED,400,400,24,NONE,yes,yes,no
94fed95a-e482-4af5-a409-bbbf607976a5,MARKETPLACE MERCHA,SPEND bank txn,2913b856-0031-4a3c-b007-24937e9f731b,2025-12-02,AUTHORISED,400,400,36,NONE,yes,yes,no
94fed95a-e482-4af5-a409-bbbf607976a5,MARKETPLACE MERCHA,SPEND bank txn,190c0648-3553-4b4d-8559-8440b1e8c51c,2026-01-05,AUTHORISED,400,400,36,NONE,yes,yes,no
94fed95a-e482-4af5-a409-bbbf607976a5,MARKETPLACE MERCHA,SPEND bank txn,5927617b-7952-4f5f-bb31-cf21ebcf16b8,2026-02-03,AUTHORISED,400,400,36,NONE,yes,yes,no
94fed95a-e482-4af5-a409-bbbf607976a5,MARKETPLACE MERCHA,SPEND bank txn,81ef5fd8-b7e6-4995-8227-c5a8b3d2ea1c,2026-03-03,AUTHORISED,400,400,36,NONE,yes,yes,no
94fed95a-e482-4af5-a409-bbbf607976a5,MARKETPLACE MERCHA,SPEND bank txn,cd4e45a5-55dd-4f45-8695-a92010eafe36,2026-04-02,AUTHORISED,400,400,36,NONE,yes,yes,no